{"rmse_energy": 0.22102305215558737, "accuracy_ports": 0.8557013118062563}